interview,dimension_code,hits
ENT-001-ENT-002,1.1.5,1
ENT-001-ENT-002,1.1.7,1
ENT-001-ENT-002,1.2.2,3
ENT-001-ENT-002,2.1.2,36
ENT-001-ENT-002,2.1.7,5
ENT-001-ENT-002,2.3.1,1
ENT-001-ENT-002,2.3.2,1
ENT-001-ENT-002,2.3.4,4
ENT-001-ENT-002,2.4.2,1
ENT-001-ENT-002,2.5.1,6
ENT-001-ENT-002,2.5.2,4
ENT-001-ENT-002,2.5.3,3
ENT-001-ENT-002,2.6.1,6
ENT-001-ENT-002,2.6.2,1
ENT-001-ENT-002,2.6.4,10
ENT-001-ENT-002,3.1.1,9
ENT-001-ENT-002,3.1.2,1
ENT-001-ENT-002,3.2.1,21
ENT-001-ENT-002,3.2.3,5
ENT-001-ENT-002,4.1.1,4
ENT-001-ENT-002,4.1.2,22
ENT-001-ENT-002,4.1.3,32
ENT-001-ENT-002,4.1.4,1
ENT-001-ENT-002,4.2.2,3
ENT-001-ENT-002,4.2.3,11
ENT-001-ENT-002,4.2.4,1
ENT-001-ENT-002,4.3.3,2
ENT-003,1.1.1,1
ENT-003,1.1.4,1
ENT-003,1.1.5,4
ENT-003,1.1.7,2
ENT-003,1.1.8,1
ENT-003,1.2.1,1
ENT-003,1.2.2,4
ENT-003,2.1.1,2
ENT-003,2.1.2,13
ENT-003,2.1.5,1
ENT-003,2.1.6,3
ENT-003,2.1.7,2
ENT-003,2.3.1,2
ENT-003,2.3.3,1
ENT-003,2.6.1,1
ENT-003,2.6.4,8
ENT-003,3.1.1,2
ENT-003,3.1.2,1
ENT-003,3.2.1,14
ENT-003,3.2.3,4
ENT-003,4.1.1,6
ENT-003,4.1.2,2
ENT-003,4.1.3,14
ENT-003,4.2.2,3
ENT-003,4.2.3,8
ENT-003,4.2.4,1
ENT-003,4.3.3,4
ENT-004,1.1.7,2
ENT-004,1.1.8,1
ENT-004,1.2.2,2
ENT-004,2.1.2,7
ENT-004,2.1.7,3
ENT-004,2.3.1,6
ENT-004,2.3.4,4
ENT-004,2.4.1,1
ENT-004,2.5.2,2
ENT-004,2.6.1,1
ENT-004,2.6.4,12
ENT-004,3.1.1,4
ENT-004,3.1.2,2
ENT-004,3.2.1,15
ENT-004,3.2.3,3
ENT-004,4.1.1,5
ENT-004,4.1.2,2
ENT-004,4.1.3,24
ENT-004,4.2.2,5
ENT-004,4.2.3,17
ENT-004,4.3.3,1
ENT-005,1.1.5,3
ENT-005,1.1.8,2
ENT-005,1.2.2,3
ENT-005,2.1.2,8
ENT-005,2.1.7,3
ENT-005,2.3.4,3
ENT-005,2.5.3,1
ENT-005,2.6.4,4
ENT-005,3.1.1,1
ENT-005,3.1.2,2
ENT-005,3.2.1,18
ENT-005,3.2.3,7
ENT-005,4.1.1,5
ENT-005,4.1.2,2
ENT-005,4.1.3,13
ENT-005,4.2.1,2
ENT-005,4.2.2,15
ENT-005,4.2.3,16
ENT-005,4.2.4,1
ENT-005,4.3.1,1
ENT-005,4.3.3,1
ENT-006,1.1.5,1
ENT-006,1.1.7,1
ENT-006,1.1.8,1
ENT-006,2.1.2,25
ENT-006,2.1.7,2
ENT-006,2.3.1,2
ENT-006,2.5.2,1
ENT-006,2.5.3,1
ENT-006,2.6.1,3
ENT-006,2.6.4,14
ENT-006,3.1.1,2
ENT-006,3.2.1,20
ENT-006,3.2.3,3
ENT-006,3.2.5,1
ENT-006,4.1.1,4
ENT-006,4.1.2,1
ENT-006,4.1.3,17
ENT-006,4.1.4,1
ENT-006,4.1.5,1
ENT-006,4.2.2,2
ENT-006,4.2.3,13
ENT-006,4.2.4,2
ENT-006,4.3.3,1
ENT-007,1.1.4,1
ENT-007,1.1.7,2
ENT-007,1.1.8,3
ENT-007,1.2.2,1
ENT-007,2.1.2,22
ENT-007,2.1.5,1
ENT-007,2.3.4,2
ENT-007,2.6.4,11
ENT-007,3.1.1,3
ENT-007,3.1.2,4
ENT-007,3.2.1,8
ENT-007,3.2.2,1
ENT-007,3.2.3,1
ENT-007,4.1.1,10
ENT-007,4.1.2,3
ENT-007,4.1.3,14
ENT-007,4.1.4,3
ENT-007,4.2.2,5
ENT-007,4.2.3,22
ENT-007,4.2.4,2
ENT-007,4.3.2,1
ENT-007,4.3.3,3
ENT-008,1.1.3,1
ENT-008,1.1.4,2
ENT-008,1.1.5,8
ENT-008,1.1.7,5
ENT-008,1.1.8,2
ENT-008,1.2.1,1
ENT-008,1.2.2,1
ENT-008,2.1.1,2
ENT-008,2.1.2,16
ENT-008,2.1.5,2
ENT-008,2.1.6,1
ENT-008,2.3.2,1
ENT-008,2.3.4,6
ENT-008,2.5.3,1
ENT-008,2.6.1,1
ENT-008,2.6.4,8
ENT-008,3.1.1,3
ENT-008,3.1.2,1
ENT-008,3.2.1,19
ENT-008,3.2.2,1
ENT-008,3.2.3,7
ENT-008,4.1.1,10
ENT-008,4.1.2,9
ENT-008,4.1.3,17
ENT-008,4.2.2,3
ENT-008,4.2.3,11
ENT-008,4.2.4,3
ENT-008,4.3.1,1
ENT-008,4.3.2,1
ENT-008,4.3.3,3
ENT-009,1.1.4,3
ENT-009,1.1.7,1
ENT-009,1.2.1,2
ENT-009,2.1.2,8
ENT-009,2.1.5,3
ENT-009,2.1.7,1
ENT-009,2.2.3,1
ENT-009,2.4.2,1
ENT-009,2.6.1,1
ENT-009,2.6.3,1
ENT-009,2.6.4,10
ENT-009,3.1.2,3
ENT-009,3.2.1,15
ENT-009,4.1.1,8
ENT-009,4.1.2,7
ENT-009,4.1.3,13
ENT-009,4.2.2,6
ENT-009,4.2.3,22
ENT-009,4.3.3,1
ENT-010,1.1.1,7
ENT-010,1.1.3,9
ENT-010,1.1.4,11
ENT-010,1.1.5,15
ENT-010,1.1.7,2
ENT-010,1.2.2,1
ENT-010,2.1.2,10
ENT-010,2.1.4,5
ENT-010,2.1.5,11
ENT-010,2.1.7,1
ENT-010,2.3.4,1
ENT-010,2.5.2,2
ENT-010,2.5.3,3
ENT-010,2.6.1,1
ENT-010,2.6.4,9
ENT-010,3.1.1,4
ENT-010,3.1.2,5
ENT-010,3.2.1,10
ENT-010,3.2.3,14
ENT-010,4.1.1,6
ENT-010,4.1.2,3
ENT-010,4.1.3,14
ENT-010,4.1.4,1
ENT-010,4.2.1,1
ENT-010,4.2.2,4
ENT-010,4.2.3,13
ENT-010,4.2.4,1
ENT-011,1.1.1,1
ENT-011,1.1.5,1
ENT-011,1.2.2,1
ENT-011,2.1.2,8
ENT-011,2.1.4,1
ENT-011,2.1.7,2
ENT-011,2.3.1,3
ENT-011,2.5.2,3
ENT-011,2.5.5,1
ENT-011,2.6.1,2
ENT-011,2.6.3,1
ENT-011,2.6.4,10
ENT-011,3.1.1,5
ENT-011,3.1.2,2
ENT-011,3.2.1,15
ENT-011,3.2.3,4
ENT-011,4.1.1,4
ENT-011,4.1.2,1
ENT-011,4.1.3,20
ENT-011,4.2.2,20
ENT-011,4.2.3,16
ENT-011,4.3.2,2
ENT-013,1.1.5,4
ENT-013,2.1.2,7
ENT-013,2.1.7,26
ENT-013,2.3.1,2
ENT-013,2.5.2,2
ENT-013,2.6.4,12
ENT-013,3.1.1,2
ENT-013,3.1.2,1
ENT-013,3.2.1,11
ENT-013,3.2.3,3
ENT-013,4.1.1,8
ENT-013,4.1.2,8
ENT-013,4.1.3,26
ENT-013,4.2.2,2
ENT-013,4.2.3,8
ENT-013,4.2.4,1
ENT-013,4.3.3,1
ENT-014,1.1.5,1
ENT-014,1.1.7,1
ENT-014,1.2.2,1
ENT-014,2.1.2,13
ENT-014,2.1.7,1
ENT-014,2.3.4,3
ENT-014,2.5.3,1
ENT-014,2.6.2,1
ENT-014,2.6.4,10
ENT-014,3.1.1,1
ENT-014,3.1.2,4
ENT-014,3.2.1,7
ENT-014,3.2.3,1
ENT-014,4.1.1,4
ENT-014,4.1.2,2
ENT-014,4.1.3,6
ENT-014,4.1.4,4
ENT-014,4.2.2,1
ENT-014,4.2.3,22
ENT-015,1.1.1,6
ENT-015,1.1.4,4
ENT-015,1.1.5,8
ENT-015,1.1.7,3
ENT-015,1.1.8,1
ENT-015,2.1.2,12
ENT-015,2.1.5,4
ENT-015,2.1.6,3
ENT-015,2.1.7,1
ENT-015,2.3.1,2
ENT-015,2.3.3,3
ENT-015,2.5.2,1
ENT-015,2.5.4,2
ENT-015,2.6.1,2
ENT-015,2.6.4,13
ENT-015,3.1.1,5
ENT-015,3.1.2,1
ENT-015,3.2.1,17
ENT-015,3.2.2,1
ENT-015,3.2.3,14
ENT-015,4.1.1,1
ENT-015,4.1.2,9
ENT-015,4.1.3,25
ENT-015,4.2.2,9
ENT-015,4.2.3,16
ENT-015,4.3.1,1
ENT-015,4.3.2,2
ENT-015,4.3.3,3
ENT-016,1.2.2,1
ENT-016,2.1.1,1
ENT-016,2.1.2,17
ENT-016,2.3.1,5
ENT-016,2.4.1,1
ENT-016,2.4.2,1
ENT-016,2.5.3,1
ENT-016,2.5.5,1
ENT-016,2.6.4,19
ENT-016,3.1.1,1
ENT-016,3.1.2,7
ENT-016,3.2.1,8
ENT-016,4.1.1,11
ENT-016,4.1.2,1
ENT-016,4.1.3,6
ENT-016,4.2.2,20
ENT-016,4.2.3,21
ENT-016,4.3.2,2
